{
    "data":{
        "name":"logistics.post.vamaship.create_shipment",
        "event_type":"api_call",
        "description":"create shipement in vamaship",
        "parameters":{
            "properties":{
                "host":{
                    "ref":"ecom3stagingapi.vamaship.com"
                },
                "api_key":{
                    "ref":"config_data/dev_credentials/api_key"
                },
                "shipment_data":{
                    "ref":"outputs/data_transformer.forward_mapping.create_shipment/mapped_data"
                }
            }
        },
        "outputs":{
            "success":{
                "properties":{
                    "data":{
                        "ref":"response/quotes"
                    }
                }
            },
            "error":{
                "properties":{
                    "error_code":{
                        "ref":"error_object/error_code"
                    }
                }
            }
        },
        "response":{
            "conversion":{
                "required":true,
                "type": ""
            },
            "conditions":{
                "success":{
                    "fn::equal":[
                        {
                            "variable1": {
                                "default_value":"success"
                            }
                        },
                        {
                            "variable2": {
                                "default_value":"true"
                            }
                        }
                    ]
                },
                "error":{}
            }
        },
        "request_configuration":{
            "type":"single_request",
            "inputs":{}
        },
        "request":{
            "properties":{
                "http_protocol":{
                    "default_value":"https"
                },
                "host":{
                    "ref":"parameters/host"
                },
                "path":{
                    "default_value":"ecom/api/v1/surface/quote"
                },
                "method":{
                    "default_value":"POST"
                },
                "headers":{
                    "type":"object",
                    "properties":{
                        "Content-Type":{
                            "default_value":"application/json"
                        },
                        "Authorization:":{
                            "ref":"parameters/api_key"
                        }
                    }
                },
                "body":{
                    "properties":{
                        "ref":"parameters/shipment_data"
                    }
                }
            }
        
        }
    }
}