{
    "data": {
        "shipping_partner_id": "2",
        "channel_name": "ecourierz_domestic",
        "aggregator_shipment_id": "delhivery_domestic_parcel_559b73f2176c8d2df69d16b8",
        "account_id": "2",
        "shipment_id": "610c88aeaa1085acb31239be",
        "event_data": {
            "order_id": "2023",
            "service_type": "cod",
            "shipment_type": "cod",
            "receiver_email_id": "test@gmail.com",
            "receiver_name": "Akhil",
            "receiver_mobile_no": "908078909",
            "receiver_pincode": "522002",
            "receiver_state": "Andhra Pradesh",
            "receiver_country": "india",
            "receiver_city": "guntur",
            "receiver_district": "guntur",
            "receiver_address_1": "srinagar 7/4th lane",
            "receiver_address_2": "",
            "receiver_address_3": "",
            "shipper_email_id": "srinivas@gmail.com",
            "shipper_company": "warehouse-1",
            "shipper_name": "Srinivas",
            "shipper_mobile_no": "9989522002",
            "shipper_pincode": "500038",
            "shipper_state": "Telangana",
            "shipper_country": "India",
            "shipper_city": "Hyderabad",
            "shipper_district": "Ranga Reddy",
            "shipper_address_1": "banjara hills road no:12",
            "shipper_address_2": "",
            "shipper_address_3": "",
            "package_item_description": "iPhone 10",
            "package_item_type": "Electronics",
            "package_quantity": "1",
            "package_height": "5",
            "package_width": "10",
            "package_length": "10",
            "package_weight": "2",
            "package_product_value": "200",
            "pickup_date": "2021-08-9",
            "pickup_to_time": "12:00",
            "pickup_from_time": "16:00",
            "billing_invoice_number": "12Ngrt4",
            "billing_payment_type": "cod",
            "billing_order_amount": "400",
            "billing_cod_amount": "50"
        }
    }
}