{
    "data": {
        "name": "data_transformer.forward_mapping.create_shipment",
        "description": "Will Map Data of Vdezi with vamaship",
        "event_type": "data_mapping",
        "parameters": {
            "properties": {
                "shipment_data": {
                    "ref": "outputs/initial_event/event_data"
                },
                "warehouse_name": {
                    "ref": "config_data/dev_credentials/warehouse_name"
                }
            }
        },
        "mapping": {
            "conversion": {
                "type": ""
            },
            "properties":{
                "seller": {
                    "type": "object",
                    "properties":{
                        "address": {
                            "ref":"parameters/shipment_data/shipper_address_1"
                        },
                        "city": {
                            "ref":"parameters/shipment_data/shipper_city"
                        },
                        "country": {
                            "ref":"parameters/shipment_data/shipper_country"
                        },
                        "email": {
                            "ref":"parameters/shipment_data/shipper_email_id"
                        },
                        "name": {
                            "ref":"parameters/shipment_data/shipper_name"
                        },
                        "phone": {
                            "ref":"parameters/shipment_data/shipper_mobile_no"
                        },
                        "pincode": {
                            "ref":"parameters/shipment_data/shipper_pincode"
                        },
                        "state": {
                            "ref": "parameters/shipment_data/shipper_state"
                        }
                    }
                },
                "shipments":{
                    "type":"array",
                    "properties":{
                        "type":"object",
                        "address":{
                            "ref":"parameters/shipment_data/receiver_address_1"
                        },
                        "breadth":{
                            "default_value":"10"
                        },
                        "city":{
                            "ref":"parameters/shipment_data/receiver_city"
                        },
                        "country":{
                            "ref":"parameters/shipment_data/receiver_country"
                        },
                        "email":{
                            "ref":"parameters/shipment_data/receiver_email_id"
                        },
                        "height":{
                            "ref":"parameters/shipment_data/package_height"
                        },
                        "is_cod":{
                            "ref":"parameters/shipment_data/shipment_type",
                            "operation":{
                                "type":"dependent_value_check",
                                "inputs":{
                                    "properties":{
                                        "check_value":{
                                            "default_value":"cod"
                                        }
                                    }
                                }
                            }
                        },
                        "length":{
                            "ref":"parameters/shipment_data/package_length"
                        },
                        "name":{
                            "ref":"parameters/shipment_data/receiver_name"
                        },
                        "phone":{
                            "ref":"parameters/shipment_data/receiver_mobile_no"
                        },
                        "pickup_date":{
                            "ref":"parameters/shipment_data/pickup_date"
                        },
                        "pincode":{
                            "ref":"parameters/shipment_data/receiver_pincode"
                        },
                        "product":{
                            "ref":"parameters/shipment_data/package_item_description"
                        },
                        "product_value":{
                            "ref":"parameters/shipment_data/package_product_value"
                        },
                        "quantity":{
                            "ref":"parameters/shipment_data/package_quantity"
                        },
                        "reference1":{
                            "default_value":"002"
                        },
                        "surface_category":{
                            "default_value":"b2c"
                        },
                        "reference2":{
                            "default_value":"refno2"
                        },
                        "state":{
                            "ref":"parameters/shipment_data/receiver_state"
                        },
                        "unit":{
                            "default_value":"cm"
                        },
                        "weight":{
                            "ref":"parameters/shipment_data/package_weight"
                        }
                    }
                }
            }
        },
        "outputs": {
            "success": {
                "properties": {
                    "mapped_data": {
                        "ref": "mapping"
                    },
                    "download_from_s3": {
                        "default_value": false
                    }
                }
            },
            "error": {
                "properties": {
                    "error_code": {
                        "ref": "error_code"
                    },
                    "error_message": {
                        "default_value": ""
                    }
                }
            }
        }
    }
}