{
    "data": {
        "name": "logistics.get.vamaship.read_label",
        "description": "Get label",
        "event_type": "api_call",
        "parameters": {
            "parameters":{
                "properties":{
                    "host":{
                        "ref":"config_data/marketplace_host"
                    },
                    "api_key":{
                        "ref":"config_data/dev_credentials/api_key"
                    },
                    "reference_id":{
                        "ref":"outputs/logistics.post.vamaship.create_shipment/reference_id"
                    }
                }
            }
            },
            "outputs":{
                "success":{
                    "properties":{
                        "data":{
                            "ref":"response/quotes"
                        }
                    }
                },
                "error":{
                    "properties":{
                        "error_code":{
                            "ref":"error_object/error_code"
                        }
                    }
                }
            },
            "request_configuration":{
                "type":"single_request",
                "inputs":{}
            },
        "response": {
            "conversion": {
                "required": false,
                "type":""
            },
            "conditions": {
                "success": {
                    "fn::equal": [
                        {
                            "variable": {
                                "ref": "response/status"
                            }
                        }
                    ]
                },
                "error": {}
            }
        },
        "request": {
            "type": "object",
            "properties": {
                "http_protocal": {
                    "default_value": "https"
                },
                "host": {
                    "ref": "parameters/host"
                },
                "path": {
                    "ref":"parameter/reference_id",
                    "operation":{
                        "inputs":{
                            "properties":{
                                "default_value": "ecom/api/v1/surface/book"
                            }
                        }
                    }
                    
                },
                "method": {
                    "default_value": "GET"
                },
                "headers": {
                    "type": "object",
                    "properties": {
                        "content_type": {
                            "default_value": "application/json"
                        }
                    }
                }
            }
        }
    
    }
}