{
    "data": {
        "name": "data_transformer.reverse_mapping.create_shipment",
        "description": "Will Map Data of vamaship with Vdezi",
        "event_type": "data_mapping",
        "parameters": {
            "properties": {
                "shipping_partner_id": {
                    "ref": "outputs/initial_event/shipment_id"
                },
                "channel_name": {
                    "ref": "outputs/initial_event/channel_name"
                },
                "aggregator_shipment_id":{
                    "ref": "outputs/initial_event/aggregator_shipment_id"
                },
                "account_id":{
                    "ref": "outputs/initial_event/account_id"
                },
                "shipment_id":{
                    "ref": "outputs/initial_event/shipment_id"
                },
                "shipping_label":{
                     "ref":"output/logistics.get.vamaship.read_label/label"
                },
                "shipment_data":{
                    "ref": "outputs/initial_event/event_data"
                }
            }
        },
        "mapping": {
            "conversion": {
                "type": ""
            },
            "properties":{
                "shipping_partner_id": {
                    "ref": "parameters/shipment_id"
                },
                "channel_name": {
                    "ref": "parameters/channel_name"
                },
                "aggregator_shipment_id":{
                    "ref": "parameters/aggregator_shipment_id"
                },
                "account_id":{
                    "ref": "parameters/account_id"
                },
                "shipment_id":{
                    "ref": "parameters/shipment_id"
                },
                "shipmer_details": {
                    "type": "object",
                    "properties":{
                        "shipper_address_1": {
                            "ref":"parameters/shipment_data/address"
                        },
                        "shipper_city": {
                            "ref":"parameters/shipment_data/city"
                        },
                        "shipper_country": {
                            "ref":"parameters/shipment_data/country"
                        },
                        "shipper_email_id": {
                            "ref":"parameters/shipment_data/email"
                        },
                        "shipper_name": {
                            "ref":"parameters/shipment_data/name"
                        },
                        "shipper_mobile_no": {
                            "ref":"parameters/shipment_data/phone"
                        },
                        "shipper_pincode": {
                            "ref":"parameters/shipment_data/pincode"
                        },
                        "shipper_state": {
                            "ref": "parameters/shipment_data/state"
                        }
                    }
                },
                "receiver_details":{
                    "type": "object",
                    "properties":{
                        "receiver_address_1":{
                            "ref":"parameters/shipment_data/address"
                        },
                        "receiver_city":{
                            "ref":"parameters/shipment_data/city"
                        },
                        "receiver_country":{
                            "ref":"parameters/shipment_data/country"
                        },
                        "receiver_email_id":{
                            "ref":"parameters/shipment_data/email"
                        },
                        "receiver_name":{
                            "ref":"parameters/shipment_data/name"
                        },
                        "receiver_mobile_no":{
                            "ref":"parameters/shipment_data/phone"
                        },
                        "receiver_state":{
                            "ref":"parameters/shipment_data/state"
                        },
                        "receiver_pincode":{
                            "ref":"parameters/shipment_data/pincode"
                        }
                    }
                },
                "package_details":{
                    "type": "object",
                    "properties":{
                        "package_height":{
                            "ref":"parameters/shipment_data/height"
                        },
                        "package_length":{
                            "ref":"parameters/shipment_data/length"
                        },
                        "package_item_description":{
                            "ref":"parameters/shipment_data/product"
                        },
                        "package_product_value":{
                            "ref":"parameters/shipment_data/product_value"
                        },
                        "package_quantity":{
                            "ref":"parameters/shipment_data/quantity"
                        },
                        "package_weight":{
                            "ref":"parameters/shipment_data/weight"
                        }
                    }
                },
                "pickup_details":{
                    "type": "object",
                    "properties":{
                        "pickup_date":{
                            "ref":"parameters/shipment_data/pickup_date"
                        },
                        "pickup_to_time":{
                            "ref":"parameters/shipment_data/pickup_to_time"
                        },
                        "pickup_from_time":{
                            "ref":"parameters/shipment_data/pickup_from_time"
                        }
                    }
                },
                "billing_details":{
                    "type": "object",
                    "properties":{
                        "properties":{
                            "billling_invoice_number":{
                                "ref": "parameters/shipment_data/billling_invoice_number"
                            },
                            "billling_duty_payment_type":{
                                "ref":"parameters/shipment_label/shipments[0]/type"
                            },
                            "billing_duty_applicable":{
                                "default_value":""
                            },
                            "billing_payment_type":{
                                "ref": "parameters/shipment_data/billing_payment_type"
                            },
                            "billing_order_amount":{
                                "ref": "parameters/shipment_data/billing_order_amount"
                            },
                            "billing_cod_amount":{
                                "ref": "parameters/shipment_data/billing_cod_amount"
                            }
                    }
                },
                "shipping_label":{
                    "ref":"parameters/shipping_label"
                },
                "current_status":{
                    "default_value":"FINAL"
                },
                "retry_count":{
                    "default_value":"string"
                },
                "status_timestamp":{
                    "default_value":"string"
                },
                "reason_code":{
                    "default_value":"string"
                },
                "comments":{
                    "default_value":"string"
                },
                "expected_delivery_date":{
                    "default_value":"4"
                },
                "is_archive":{
                    "default_value":"",
                    "operation":{
                        "type":"dependent_value_check",
                        "inputs":{
                            "properties":{
                                "check_value":{
                                    "default_value":"cod"
                                }
                            }
                        }
                    }
                }

            }
        },
        "outputs": {
            "success": {
                "properties": {
                    "mapped_data": {
                        "ref": "mapping"
                    },
                    "download_from_s3": {
                        "default_value": false
                    }
                }
            },
            "error": {
                "properties": {
                    "error_code": {
                        "ref": "error_code"
                    },
                    "error_message": {
                        "default_value": ""
                    }
                }
            }
        }
    }
}}
        
        